{
	"carName": "bmw_m4_gt3",
	"basicSetup":
	{
		"tyres":
		{
			"tyreCompound": 0,
			"tyrePressure": [ 50, 43, 46, 42 ]
		},
		"alignment":
		{
			"camber": [ 0, 0, 5, 5 ],
			"toe": [ 8, 8, 1, 1 ],
			"staticCamber": [ -4.2380642890930176, -4.243718147277832, -2.2945609092712402, -2.29825758934021 ],
			"toeOutLinear": [ 0.00030842720298096538, 0.00030841905390843749, 0.00015334547788370401, 0.00015333130431827158 ],
			"casterLF": 40,
			"casterRF": 40,
			"steerRatio": 2
		},
		"electronics":
		{
			"tC1": 4,
			"tC2": 0,
			"abs": 3,
			"eCUMap": 0,
			"fuelMix": 0,
			"telemetryLaps": 99
		},
		"strategy":
		{
			"fuel": 38,
			"nPitStops": 0,
			"tyreSet": 0,
			"frontBrakePadCompound": 0,
			"rearBrakePadCompound": 0,
			"pitStrategy": [
				{
					"fuelToAdd": 0,
					"tyres":
					{
						"tyreCompound": 0,
						"tyrePressure": [ 50, 43, 46, 42 ]
					},
					"tyreSet": 2,
					"frontBrakePadCompound": 0,
					"rearBrakePadCompound": 0
				}
			],
			"fuelPerLap": 2.9112844467163086
		}
	},
	"advancedSetup":
	{
		"mechanicalBalance":
		{
			"aRBFront": 2,
			"aRBRear": 4,
			"wheelRate": [ 2, 2, 1, 1 ],
			"bumpStopRateUp": [ 11, 11, 3, 3 ],
			"bumpStopRateDn": [ 0, 0, 10, 10 ],
			"bumpStopWindow": [ 11, 11, 30, 30 ],
			"brakeTorque": 20,
			"brakeBias": 13
		},
		"dampers":
		{
			"bumpSlow": [ 20, 20, 18, 18 ],
			"bumpFast": [ 49, 49, 49, 49 ],
			"reboundSlow": [ 24, 24, 28, 28 ],
			"reboundFast": [ 42, 42, 40, 40 ]
		},
		"aeroBalance":
		{
			"rideHeight": [ 4, 11, 15, 18 ],
			"rodLength": [ 27.024528503417969, 27.024528503417969, 14.093684196472168, 14.093684196472168 ],
			"splitter": 0,
			"rearWing": 7,
			"brakeDuct": [ 2, 2 ]
		},
		"drivetrain":
		{
			"preload": 0
		}
	},
	"trackBopType": 27
}