{
	"carName": "bmw_m4_gt3",
	"basicSetup":
	{
		"tyres":
		{
			"tyreCompound": 0,
			"tyrePressure": [ 57, 51, 54, 49 ]
		},
		"alignment":
		{
			"camber": [ 0, 0, 5, 5 ],
			"toe": [ 8, 8, 1, 1 ],
			"staticCamber": [ -4.2369017601013184, -4.2420892715454102, -2.2908861637115479, -2.2955138683319092 ],
			"toeOutLinear": [ 0.00030826000147499144, 0.00030824801069684327, 0.00015402676945086569, 0.00015402730787172914 ],
			"casterLF": 40,
			"casterRF": 40,
			"steerRatio": 2
		},
		"electronics":
		{
			"tC1": 4,
			"tC2": 0,
			"abs": 3,
			"eCUMap": 0,
			"fuelMix": 0,
			"telemetryLaps": 99
		},
		"strategy":
		{
			"fuel": 38,
			"nPitStops": 0,
			"tyreSet": 0,
			"frontBrakePadCompound": 0,
			"rearBrakePadCompound": 0,
			"pitStrategy": [
				{
					"fuelToAdd": 0,
					"tyres":
					{
						"tyreCompound": 0,
						"tyrePressure": [ 57, 51, 54, 49 ]
					},
					"tyreSet": 2,
					"frontBrakePadCompound": 0,
					"rearBrakePadCompound": 0
				}
			],
			"fuelPerLap": 2.8910980224609375
		}
	},
	"advancedSetup":
	{
		"mechanicalBalance":
		{
			"aRBFront": 2,
			"aRBRear": 4,
			"wheelRate": [ 2, 2, 1, 1 ],
			"bumpStopRateUp": [ 11, 11, 3, 3 ],
			"bumpStopRateDn": [ 0, 0, 10, 10 ],
			"bumpStopWindow": [ 11, 11, 30, 30 ],
			"brakeTorque": 20,
			"brakeBias": 13
		},
		"dampers":
		{
			"bumpSlow": [ 20, 20, 18, 18 ],
			"bumpFast": [ 49, 49, 49, 49 ],
			"reboundSlow": [ 24, 24, 28, 28 ],
			"reboundFast": [ 42, 42, 40, 40 ]
		},
		"aeroBalance":
		{
			"rideHeight": [ 4, 11, 15, 18 ],
			"rodLength": [ 26.970235824584961, 26.970235824584961, 14.037104606628418, 14.037104606628418 ],
			"splitter": 0,
			"rearWing": 7,
			"brakeDuct": [ 2, 2 ]
		},
		"drivetrain":
		{
			"preload": 0
		}
	},
	"trackBopType": 27
}