{
	"carName": "lamborghini_huracan_gt3_evo2",
	"basicSetup":
	{
		"tyres":
		{
			"tyreCompound": 0,
			"tyrePressure": [ 49, 55, 45, 49 ]
		},
		"alignment":
		{
			"camber": [ 0, 0, 0, 0 ],
			"toe": [ 28, 28, 16, 16 ],
			"staticCamber": [ -3.9180772304534912, -3.9140965938568115, -3.8849496841430664, -3.8820338249206543 ],
			"toeOutLinear": [ 0.00081414630403742194, 0.00081414345186203718, -0.00083285779692232609, -0.0008328418480232358 ],
			"casterLF": 25,
			"casterRF": 25,
			"steerRatio": 2
		},
		"electronics":
		{
			"tC1": 3,
			"tC2": 0,
			"abs": 2,
			"eCUMap": 2,
			"fuelMix": 0,
			"telemetryLaps": 10
		},
		"strategy":
		{
			"fuel": 23,
			"nPitStops": 0,
			"tyreSet": 14,
			"frontBrakePadCompound": 0,
			"rearBrakePadCompound": 0,
			"pitStrategy": [
				{
					"fuelToAdd": 20,
					"tyres":
					{
						"tyreCompound": 0,
						"tyrePressure": [ 49, 55, 45, 49 ]
					},
					"tyreSet": 2,
					"frontBrakePadCompound": 0,
					"rearBrakePadCompound": 0
				},
				{
					"fuelToAdd": 20,
					"tyres":
					{
						"tyreCompound": 0,
						"tyrePressure": [ 49, 55, 45, 49 ]
					},
					"tyreSet": 2,
					"frontBrakePadCompound": 1,
					"rearBrakePadCompound": 1
				}
			],
			"fuelPerLap": 2.2809343338012695
		}
	},
	"advancedSetup":
	{
		"mechanicalBalance":
		{
			"aRBFront": 10,
			"aRBRear": 0,
			"wheelRate": [ 4, 4, 0, 0 ],
			"bumpStopRateUp": [ 19, 19, 5, 5 ],
			"bumpStopRateDn": [ 0, 0, 10, 10 ],
			"bumpStopWindow": [ 12, 12, 10, 10 ],
			"brakeTorque": 20,
			"brakeBias": 14
		},
		"dampers":
		{
			"bumpSlow": [ 12, 12, 22, 22 ],
			"bumpFast": [ 45, 45, 46, 46 ],
			"reboundSlow": [ 16, 16, 30, 30 ],
			"reboundFast": [ 49, 49, 49, 49 ]
		},
		"aeroBalance":
		{
			"rideHeight": [ 0, 6, 22, 18 ],
			"rodLength": [ -7.2344493865966797, -7.2344493865966797, 26.474514007568359, 26.474514007568359 ],
			"splitter": 0,
			"rearWing": 12,
			"brakeDuct": [ 3, 3 ]
		},
		"drivetrain":
		{
			"preload": 0
		}
	},
	"trackBopType": 28
}