{
	"carName": "lamborghini_huracan_gt3_evo2",
	"basicSetup":
	{
		"tyres":
		{
			"tyreCompound": 0,
			"tyrePressure": [ 49, 55, 44, 49 ]
		},
		"alignment":
		{
			"camber": [ 0, 0, 5, 5 ],
			"toe": [ 20, 20, 45, 45 ],
			"staticCamber": [ -3.9428629875183105, -3.9388871192932129, -2.9743342399597168, -2.9707267284393311 ],
			"toeOutLinear": [ 0.0010232562199234962, 0.0010232580825686455, 0.00017595860117580742, 0.0001759585429681465 ],
			"casterLF": 15,
			"casterRF": 15,
			"steerRatio": 1
		},
		"electronics":
		{
			"tC1": 5,
			"tC2": 4,
			"abs": 5,
			"eCUMap": 3,
			"fuelMix": 0,
			"telemetryLaps": 0
		},
		"strategy":
		{
			"fuel": 18,
			"nPitStops": 0,
			"tyreSet": 4,
			"frontBrakePadCompound": 0,
			"rearBrakePadCompound": 0,
			"pitStrategy": [
				{
					"fuelToAdd": 0,
					"tyres":
					{
						"tyreCompound": 0,
						"tyrePressure": [ 43, 50, 39, 44 ]
					},
					"tyreSet": 2,
					"frontBrakePadCompound": 1,
					"rearBrakePadCompound": 1
				}
			],
			"fuelPerLap": 2.2568483352661133
		}
	},
	"advancedSetup":
	{
		"mechanicalBalance":
		{
			"aRBFront": 5,
			"aRBRear": 3,
			"wheelRate": [ 1, 1, 1, 1 ],
			"bumpStopRateUp": [ 5, 5, 1, 1 ],
			"bumpStopRateDn": [ 0, 0, 10, 10 ],
			"bumpStopWindow": [ 4, 4, 30, 30 ],
			"brakeTorque": 20,
			"brakeBias": 20
		},
		"dampers":
		{
			"bumpSlow": [ 20, 20, 15, 15 ],
			"bumpFast": [ 20, 20, 20, 20 ],
			"reboundSlow": [ 20, 20, 26, 26 ],
			"reboundFast": [ 25, 25, 34, 34 ]
		},
		"aeroBalance":
		{
			"rideHeight": [ 0, 6, 16, 18 ],
			"rodLength": [ -2.4971566200256348, -2.4971566200256348, 17.182369232177734, 17.182369232177734 ],
			"splitter": 0,
			"rearWing": 12,
			"brakeDuct": [ 4, 4 ]
		},
		"drivetrain":
		{
			"preload": 13
		}
	},
	"trackBopType": 28
}