{
	"carName": "lamborghini_huracan_gt3_evo2",
	"basicSetup":
	{
		"tyres":
		{
			"tyreCompound": 0,
			"tyrePressure": [ 55, 55, 55, 55 ]
		},
		"alignment":
		{
			"camber": [ 0, 0, 0, 0 ],
			"toe": [ 28, 28, 16, 16 ],
			"staticCamber": [ -3.9155106544494629, -3.9155101776123047, -3.8775384426116943, -3.8775382041931152 ],
			"toeOutLinear": [ 0.00081583962310105562, 0.00081584596773609519, -0.00083316088421270251, -0.00083316519157961011 ],
			"casterLF": 25,
			"casterRF": 25,
			"steerRatio": 2
		},
		"electronics":
		{
			"tC1": 3,
			"tC2": 0,
			"abs": 2,
			"eCUMap": 2,
			"fuelMix": 0,
			"telemetryLaps": 10
		},
		"strategy":
		{
			"fuel": 23,
			"nPitStops": 0,
			"tyreSet": 0,
			"frontBrakePadCompound": 0,
			"rearBrakePadCompound": 0,
			"pitStrategy": [
				{
					"fuelToAdd": 10,
					"tyres":
					{
						"tyreCompound": 0,
						"tyrePressure": [ 55, 55, 55, 55 ]
					},
					"tyreSet": 2,
					"frontBrakePadCompound": 1,
					"rearBrakePadCompound": 1
				}
			],
			"fuelPerLap": 2.619999885559082
		}
	},
	"advancedSetup":
	{
		"mechanicalBalance":
		{
			"aRBFront": 10,
			"aRBRear": 0,
			"wheelRate": [ 4, 4, 0, 0 ],
			"bumpStopRateUp": [ 19, 19, 5, 5 ],
			"bumpStopRateDn": [ 0, 0, 10, 10 ],
			"bumpStopWindow": [ 12, 12, 10, 10 ],
			"brakeTorque": 20,
			"brakeBias": 14
		},
		"dampers":
		{
			"bumpSlow": [ 12, 12, 22, 22 ],
			"bumpFast": [ 45, 45, 46, 46 ],
			"reboundSlow": [ 16, 16, 30, 30 ],
			"reboundFast": [ 49, 49, 49, 49 ]
		},
		"aeroBalance":
		{
			"rideHeight": [ 0, 6, 22, 18 ],
			"rodLength": [ -7.2926287651062012, -7.2926287651062012, 26.370222091674805, 26.370222091674805 ],
			"splitter": 0,
			"rearWing": 12,
			"brakeDuct": [ 3, 3 ]
		},
		"drivetrain":
		{
			"preload": 0
		}
	},
	"trackBopType": 28
}