{
	"carName": "lamborghini_huracan_gt3_evo2",
	"basicSetup":
	{
		"tyres":
		{
			"tyreCompound": 0,
			"tyrePressure": [ 54, 60, 50, 54 ]
		},
		"alignment":
		{
			"camber": [ 0, 0, 0, 0 ],
			"toe": [ 28, 28, 16, 16 ],
			"staticCamber": [ -3.9179792404174805, -3.9143705368041992, -3.8858041763305664, -3.8829023838043213 ],
			"toeOutLinear": [ 0.00081386551028117537, 0.00081386504461988807, -0.00083281012484803796, -0.00083279667887836695 ],
			"casterLF": 25,
			"casterRF": 25,
			"steerRatio": 2
		},
		"electronics":
		{
			"tC1": 3,
			"tC2": 0,
			"abs": 2,
			"eCUMap": 2,
			"fuelMix": 0,
			"telemetryLaps": 10
		},
		"strategy":
		{
			"fuel": 23,
			"nPitStops": 0,
			"tyreSet": 2,
			"frontBrakePadCompound": 0,
			"rearBrakePadCompound": 0,
			"pitStrategy": [
				{
					"fuelToAdd": 20,
					"tyres":
					{
						"tyreCompound": 0,
						"tyrePressure": [ 49, 55, 45, 49 ]
					},
					"tyreSet": 2,
					"frontBrakePadCompound": 0,
					"rearBrakePadCompound": 0
				},
				{
					"fuelToAdd": 20,
					"tyres":
					{
						"tyreCompound": 0,
						"tyrePressure": [ 49, 55, 45, 49 ]
					},
					"tyreSet": 2,
					"frontBrakePadCompound": 1,
					"rearBrakePadCompound": 1
				}
			],
			"fuelPerLap": 2.268214225769043
		}
	},
	"advancedSetup":
	{
		"mechanicalBalance":
		{
			"aRBFront": 10,
			"aRBRear": 0,
			"wheelRate": [ 4, 4, 0, 0 ],
			"bumpStopRateUp": [ 19, 19, 5, 5 ],
			"bumpStopRateDn": [ 0, 0, 10, 10 ],
			"bumpStopWindow": [ 12, 12, 10, 10 ],
			"brakeTorque": 20,
			"brakeBias": 14
		},
		"dampers":
		{
			"bumpSlow": [ 12, 12, 22, 22 ],
			"bumpFast": [ 45, 45, 46, 46 ],
			"reboundSlow": [ 16, 16, 30, 30 ],
			"reboundFast": [ 49, 49, 49, 49 ]
		},
		"aeroBalance":
		{
			"rideHeight": [ 0, 6, 22, 18 ],
			"rodLength": [ -7.0864787101745605, -7.0864787101745605, 26.76165771484375, 26.76165771484375 ],
			"splitter": 0,
			"rearWing": 12,
			"brakeDuct": [ 3, 3 ]
		},
		"drivetrain":
		{
			"preload": 0
		}
	},
	"trackBopType": 28
}