{
	"carName": "bmw_m4_gt3",
	"basicSetup":
	{
		"tyres":
		{
			"tyreCompound": 0,
			"tyrePressure": [ 57, 68, 52, 61 ]
		},
		"alignment":
		{
			"camber": [ 0, 0, 5, 5 ],
			"toe": [ 18, 18, 1, 1 ],
			"staticCamber": [ -4.356752872467041, -4.3513689041137695, -1.6294132471084595, -1.6229842901229858 ],
			"toeOutLinear": [ 8.0982950748875737e-05, 8.0984435044229031e-05, 0.00027972031966783106, 0.00027970928931608796 ],
			"casterLF": 37,
			"casterRF": 37,
			"steerRatio": 0
		},
		"electronics":
		{
			"tC1": 3,
			"tC2": 0,
			"abs": 3,
			"eCUMap": 0,
			"fuelMix": 0,
			"telemetryLaps": 99
		},
		"strategy":
		{
			"fuel": 38,
			"nPitStops": 0,
			"tyreSet": 0,
			"frontBrakePadCompound": 0,
			"rearBrakePadCompound": 0,
			"pitStrategy": [
				{
					"fuelToAdd": 0,
					"tyres":
					{
						"tyreCompound": 0,
						"tyrePressure": [ 57, 68, 52, 61 ]
					},
					"tyreSet": 2,
					"frontBrakePadCompound": 0,
					"rearBrakePadCompound": 0
				}
			],
			"fuelPerLap": 3.5999999046325684
		}
	},
	"advancedSetup":
	{
		"mechanicalBalance":
		{
			"aRBFront": 9,
			"aRBRear": 3,
			"wheelRate": [ 4, 4, 0, 0 ],
			"bumpStopRateUp": [ 26, 26, 4, 4 ],
			"bumpStopRateDn": [ 0, 0, 10, 10 ],
			"bumpStopWindow": [ 32, 32, 10, 10 ],
			"brakeTorque": 20,
			"brakeBias": 0
		},
		"dampers":
		{
			"bumpSlow": [ 13, 13, 9, 9 ],
			"bumpFast": [ 30, 30, 38, 38 ],
			"reboundSlow": [ 22, 22, 24, 24 ],
			"reboundFast": [ 49, 49, 49, 49 ]
		},
		"aeroBalance":
		{
			"rideHeight": [ 10, 11, 4, 18 ],
			"rodLength": [ 28.86058235168457, 28.86058235168457, 6.8303580284118652, 6.8303580284118652 ],
			"splitter": 0,
			"rearWing": 0,
			"brakeDuct": [ 2, 2 ]
		},
		"drivetrain":
		{
			"preload": 0
		}
	},
	"trackBopType": 31
}