{
	"carName": "amr_v8_vantage_gt3",
	"basicSetup":
	{
		"tyres":
		{
			"tyreCompound": 0,
			"tyrePressure": [ 45, 56, 47, 53 ]
		},
		"alignment":
		{
			"camber": [ 0, 0, 5, 5 ],
			"toe": [ 28, 28, 41, 41 ],
			"staticCamber": [ -5.3692755699157715, -5.3567905426025391, -4.3545002937316895, -4.3478960990905762 ],
			"toeOutLinear": [ 0.00024479260900989175, 0.00024478259729221463, 6.1722217651549727e-05, 6.1817860114388168e-05 ],
			"casterLF": 30,
			"casterRF": 30,
			"steerRatio": 0
		},
		"electronics":
		{
			"tC1": 3,
			"tC2": 0,
			"abs": 3,
			"eCUMap": 0,
			"fuelMix": 0,
			"telemetryLaps": 99
		},
		"strategy":
		{
			"fuel": 38,
			"nPitStops": 0,
			"tyreSet": 0,
			"frontBrakePadCompound": 0,
			"rearBrakePadCompound": 0,
			"pitStrategy": [
				{
					"fuelToAdd": 0,
					"tyres":
					{
						"tyreCompound": 0,
						"tyrePressure": [ 45, 56, 47, 53 ]
					},
					"tyreSet": 2,
					"frontBrakePadCompound": 0,
					"rearBrakePadCompound": 0
				}
			],
			"fuelPerLap": 3.0296802520751953
		}
	},
	"advancedSetup":
	{
		"mechanicalBalance":
		{
			"aRBFront": 8,
			"aRBRear": 0,
			"wheelRate": [ 1, 1, 0, 0 ],
			"bumpStopRateUp": [ 22, 22, 13, 13 ],
			"bumpStopRateDn": [ 0, 0, 10, 10 ],
			"bumpStopWindow": [ 19, 19, 4, 4 ],
			"brakeTorque": 20,
			"brakeBias": 2
		},
		"dampers":
		{
			"bumpSlow": [ 13, 13, 12, 12 ],
			"bumpFast": [ 38, 38, 40, 40 ],
			"reboundSlow": [ 15, 15, 29, 28 ],
			"reboundFast": [ 46, 46, 41, 41 ]
		},
		"aeroBalance":
		{
			"rideHeight": [ 0, 6, 14, 18 ],
			"rodLength": [ 59.586132049560547, 59.586132049560547, 65.52508544921875, 65.52508544921875 ],
			"splitter": 0,
			"rearWing": 6,
			"brakeDuct": [ 2, 2 ]
		},
		"drivetrain":
		{
			"preload": 0
		}
	},
	"trackBopType": 32
}