{
	"carName": "amr_v8_vantage_gt3",
	"basicSetup":
	{
		"tyres":
		{
			"tyreCompound": 0,
			"tyrePressure": [ 42, 54, 45, 51 ]
		},
		"alignment":
		{
			"camber": [ 0, 0, 5, 5 ],
			"toe": [ 28, 28, 41, 41 ],
			"staticCamber": [ -5.3676342964172363, -5.3566451072692871, -4.3524699211120605, -4.347224235534668 ],
			"toeOutLinear": [ 0.00024476757971569896, 0.00024477639817632735, 6.1663005908485502e-05, 6.1752551118843257e-05 ],
			"casterLF": 30,
			"casterRF": 30,
			"steerRatio": 0
		},
		"electronics":
		{
			"tC1": 3,
			"tC2": 0,
			"abs": 3,
			"eCUMap": 0,
			"fuelMix": 0,
			"telemetryLaps": 99
		},
		"strategy":
		{
			"fuel": 38,
			"nPitStops": 0,
			"tyreSet": 0,
			"frontBrakePadCompound": 0,
			"rearBrakePadCompound": 0,
			"pitStrategy": [
				{
					"fuelToAdd": 0,
					"tyres":
					{
						"tyreCompound": 0,
						"tyrePressure": [ 42, 54, 45, 51 ]
					},
					"tyreSet": 2,
					"frontBrakePadCompound": 0,
					"rearBrakePadCompound": 0
				}
			],
			"fuelPerLap": 2.9909114837646484
		}
	},
	"advancedSetup":
	{
		"mechanicalBalance":
		{
			"aRBFront": 8,
			"aRBRear": 0,
			"wheelRate": [ 1, 1, 0, 0 ],
			"bumpStopRateUp": [ 22, 22, 13, 13 ],
			"bumpStopRateDn": [ 0, 0, 10, 10 ],
			"bumpStopWindow": [ 19, 19, 4, 4 ],
			"brakeTorque": 20,
			"brakeBias": 2
		},
		"dampers":
		{
			"bumpSlow": [ 13, 13, 12, 12 ],
			"bumpFast": [ 38, 38, 40, 40 ],
			"reboundSlow": [ 15, 15, 29, 28 ],
			"reboundFast": [ 46, 46, 41, 41 ]
		},
		"aeroBalance":
		{
			"rideHeight": [ 0, 6, 14, 18 ],
			"rodLength": [ 59.554405212402344, 59.554405212402344, 65.47540283203125, 65.47540283203125 ],
			"splitter": 0,
			"rearWing": 6,
			"brakeDuct": [ 1, 1 ]
		},
		"drivetrain":
		{
			"preload": 0
		}
	},
	"trackBopType": 32
}