{
	"carName": "amr_v8_vantage_gt3",
	"basicSetup":
	{
		"tyres":
		{
			"tyreCompound": 0,
			"tyrePressure": [ 44, 56, 46, 53 ]
		},
		"alignment":
		{
			"camber": [ 0, 0, 6, 6 ],
			"toe": [ 28, 28, 41, 41 ],
			"staticCamber": [ -5.4216475486755371, -5.4124794006347656, -4.666229248046875, -4.6608295440673828 ],
			"toeOutLinear": [ 0.00024683994706720114, 0.0002468503953423351, 8.130739297484979e-05, 8.1379126640968025e-05 ],
			"casterLF": 30,
			"casterRF": 30,
			"steerRatio": 0
		},
		"electronics":
		{
			"tC1": 3,
			"tC2": 0,
			"abs": 3,
			"eCUMap": 0,
			"fuelMix": 0,
			"telemetryLaps": 99
		},
		"strategy":
		{
			"fuel": 38,
			"nPitStops": 0,
			"tyreSet": 0,
			"frontBrakePadCompound": 0,
			"rearBrakePadCompound": 0,
			"pitStrategy": [
				{
					"fuelToAdd": 0,
					"tyres":
					{
						"tyreCompound": 0,
						"tyrePressure": [ 44, 56, 46, 53 ]
					},
					"tyreSet": 2,
					"frontBrakePadCompound": 0,
					"rearBrakePadCompound": 0
				}
			],
			"fuelPerLap": 2.4269516468048096
		}
	},
	"advancedSetup":
	{
		"mechanicalBalance":
		{
			"aRBFront": 8,
			"aRBRear": 0,
			"wheelRate": [ 1, 1, 0, 0 ],
			"bumpStopRateUp": [ 18, 18, 9, 9 ],
			"bumpStopRateDn": [ 0, 0, 10, 10 ],
			"bumpStopWindow": [ 18, 18, 0, 0 ],
			"brakeTorque": 20,
			"brakeBias": 2
		},
		"dampers":
		{
			"bumpSlow": [ 12, 12, 10, 10 ],
			"bumpFast": [ 49, 49, 49, 49 ],
			"reboundSlow": [ 19, 19, 20, 20 ],
			"reboundFast": [ 44, 44, 46, 46 ]
		},
		"aeroBalance":
		{
			"rideHeight": [ 0, 6, 29, 18 ],
			"rodLength": [ 61.763607025146484, 61.763607025146484, 82.524772644042969, 82.524772644042969 ],
			"splitter": 0,
			"rearWing": 10,
			"brakeDuct": [ 2, 2 ]
		},
		"drivetrain":
		{
			"preload": 0
		}
	},
	"trackBopType": 37
}