{
	"carName": "amr_v8_vantage_gt3",
	"basicSetup":
	{
		"tyres":
		{
			"tyreCompound": 0,
			"tyrePressure": [ 38, 49, 40, 47 ]
		},
		"alignment":
		{
			"camber": [ 0, 0, 6, 6 ],
			"toe": [ 28, 28, 41, 41 ],
			"staticCamber": [ -5.4271087646484375, -5.4170455932617188, -4.6714177131652832, -4.6647906303405762 ],
			"toeOutLinear": [ 0.00024705429677851498, 0.00024704844690859318, 8.1526559370104223e-05, 8.1598009273875505e-05 ],
			"casterLF": 30,
			"casterRF": 30,
			"steerRatio": 0
		},
		"electronics":
		{
			"tC1": 3,
			"tC2": 0,
			"abs": 3,
			"eCUMap": 0,
			"fuelMix": 0,
			"telemetryLaps": 99
		},
		"strategy":
		{
			"fuel": 38,
			"nPitStops": 0,
			"tyreSet": 0,
			"frontBrakePadCompound": 0,
			"rearBrakePadCompound": 0,
			"pitStrategy": [
				{
					"fuelToAdd": 0,
					"tyres":
					{
						"tyreCompound": 0,
						"tyrePressure": [ 38, 49, 40, 47 ]
					},
					"tyreSet": 2,
					"frontBrakePadCompound": 0,
					"rearBrakePadCompound": 0
				}
			],
			"fuelPerLap": 2.4346466064453125
		}
	},
	"advancedSetup":
	{
		"mechanicalBalance":
		{
			"aRBFront": 8,
			"aRBRear": 0,
			"wheelRate": [ 1, 1, 0, 0 ],
			"bumpStopRateUp": [ 18, 18, 9, 9 ],
			"bumpStopRateDn": [ 0, 0, 10, 10 ],
			"bumpStopWindow": [ 18, 18, 0, 0 ],
			"brakeTorque": 20,
			"brakeBias": 2
		},
		"dampers":
		{
			"bumpSlow": [ 12, 12, 10, 10 ],
			"bumpFast": [ 49, 49, 49, 49 ],
			"reboundSlow": [ 19, 19, 20, 20 ],
			"reboundFast": [ 44, 44, 46, 46 ]
		},
		"aeroBalance":
		{
			"rideHeight": [ 0, 6, 29, 18 ],
			"rodLength": [ 61.945388793945313, 61.945388793945313, 82.733673095703125, 82.733673095703125 ],
			"splitter": 0,
			"rearWing": 10,
			"brakeDuct": [ 2, 2 ]
		},
		"drivetrain":
		{
			"preload": 0
		}
	},
	"trackBopType": 37
}