{
	"carName": "ford_mustang_gt3",
	"basicSetup":
	{
		"tyres":
		{
			"tyreCompound": 0,
			"tyrePressure": [ 58, 50, 57, 53 ]
		},
		"alignment":
		{
			"camber": [ 0, 0, 0, 0 ],
			"toe": [ 0, 0, 0, 0 ],
			"staticCamber": [ -4.2541680335998535, -4.2596797943115234, -2.5059571266174316, -2.5085446834564209 ],
			"toeOutLinear": [ 0.00049729959573596716, 0.00049732509069144726, -0.00015544785128440708, -0.00015535512648057193 ],
			"casterLF": 40,
			"casterRF": 40,
			"steerRatio": 1
		},
		"electronics":
		{
			"tC1": 5,
			"tC2": 0,
			"abs": 2,
			"eCUMap": 0,
			"fuelMix": 0,
			"telemetryLaps": 99
		},
		"strategy":
		{
			"fuel": 14,
			"nPitStops": 0,
			"tyreSet": 0,
			"frontBrakePadCompound": 0,
			"rearBrakePadCompound": 0,
			"pitStrategy": [
				{
					"fuelToAdd": 0,
					"tyres":
					{
						"tyreCompound": 0,
						"tyrePressure": [ 58, 50, 57, 53 ]
					},
					"tyreSet": 2,
					"frontBrakePadCompound": 0,
					"rearBrakePadCompound": 0
				}
			],
			"fuelPerLap": 3.7999999523162842
		}
	},
	"advancedSetup":
	{
		"mechanicalBalance":
		{
			"aRBFront": 0,
			"aRBRear": 0,
			"wheelRate": [ 1, 1, 0, 0 ],
			"bumpStopRateUp": [ 0, 0, 20, 20 ],
			"bumpStopRateDn": [ 0, 0, 10, 10 ],
			"bumpStopWindow": [ 32, 32, 18, 18 ],
			"brakeTorque": 20,
			"brakeBias": 0
		},
		"dampers":
		{
			"bumpSlow": [ 2, 2, 3, 3 ],
			"bumpFast": [ 8, 8, 9, 9 ],
			"reboundSlow": [ 7, 7, 6, 6 ],
			"reboundFast": [ 11, 11, 11, 11 ]
		},
		"aeroBalance":
		{
			"rideHeight": [ 0, 11, 25, 18 ],
			"rodLength": [ 30.319696426391602, 30.319696426391602, 0.80262964963912964, 0.80262964963912964 ],
			"splitter": 0,
			"rearWing": 5,
			"brakeDuct": [ 2, 2 ]
		},
		"drivetrain":
		{
			"preload": 0
		}
	},
	"trackBopType": 39
}