{
	"carName": "ford_mustang_gt3",
	"basicSetup":
	{
		"tyres":
		{
			"tyreCompound": 0,
			"tyrePressure": [ 58, 50, 57, 53 ]
		},
		"alignment":
		{
			"camber": [ 0, 0, 4, 4 ],
			"toe": [ 12, 12, 11, 11 ],
			"staticCamber": [ -4.2316293716430664, -4.2387337684631348, -1.8791320323944092, -1.8826057910919189 ],
			"toeOutLinear": [ 0.00018308857397641987, 0.00018308832659386098, 0.00025671318871900439, 0.0002568988420534879 ],
			"casterLF": 40,
			"casterRF": 40,
			"steerRatio": 1
		},
		"electronics":
		{
			"tC1": 6,
			"tC2": 0,
			"abs": 3,
			"eCUMap": 0,
			"fuelMix": 0,
			"telemetryLaps": 99
		},
		"strategy":
		{
			"fuel": 38,
			"nPitStops": 0,
			"tyreSet": 0,
			"frontBrakePadCompound": 0,
			"rearBrakePadCompound": 0,
			"pitStrategy": [
				{
					"fuelToAdd": 0,
					"tyres":
					{
						"tyreCompound": 0,
						"tyrePressure": [ 58, 50, 57, 53 ]
					},
					"tyreSet": 2,
					"frontBrakePadCompound": 0,
					"rearBrakePadCompound": 0
				}
			],
			"fuelPerLap": 3.6492710113525391
		}
	},
	"advancedSetup":
	{
		"mechanicalBalance":
		{
			"aRBFront": 4,
			"aRBRear": 0,
			"wheelRate": [ 0, 0, 0, 0 ],
			"bumpStopRateUp": [ 12, 12, 20, 20 ],
			"bumpStopRateDn": [ 0, 0, 10, 10 ],
			"bumpStopWindow": [ 32, 32, 16, 16 ],
			"brakeTorque": 20,
			"brakeBias": 0
		},
		"dampers":
		{
			"bumpSlow": [ 2, 2, 3, 3 ],
			"bumpFast": [ 8, 8, 9, 9 ],
			"reboundSlow": [ 7, 7, 6, 6 ],
			"reboundFast": [ 11, 11, 11, 11 ]
		},
		"aeroBalance":
		{
			"rideHeight": [ 0, 11, 19, 18 ],
			"rodLength": [ 33.791900634765625, 33.791900634765625, -4.4719114303588867, -4.4719114303588867 ],
			"splitter": 0,
			"rearWing": 5,
			"brakeDuct": [ 2, 2 ]
		},
		"drivetrain":
		{
			"preload": 0
		}
	},
	"trackBopType": 39
}