{
	"carName": "ford_mustang_gt3",
	"basicSetup":
	{
		"tyres":
		{
			"tyreCompound": 0,
			"tyrePressure": [ 51, 44, 50, 46 ]
		},
		"alignment":
		{
			"camber": [ 0, 0, 0, 0 ],
			"toe": [ 0, 0, 0, 0 ],
			"staticCamber": [ -4.2563104629516602, -4.2612228393554688, -2.5085463523864746, -2.511181116104126 ],
			"toeOutLinear": [ 0.00049719685921445489, 0.00049720838433131576, -0.00015577701560687274, -0.00015569633978884667 ],
			"casterLF": 40,
			"casterRF": 40,
			"steerRatio": 1
		},
		"electronics":
		{
			"tC1": 5,
			"tC2": 0,
			"abs": 2,
			"eCUMap": 0,
			"fuelMix": 0,
			"telemetryLaps": 99
		},
		"strategy":
		{
			"fuel": 14,
			"nPitStops": 0,
			"tyreSet": 0,
			"frontBrakePadCompound": 0,
			"rearBrakePadCompound": 0,
			"pitStrategy": [
				{
					"fuelToAdd": 0,
					"tyres":
					{
						"tyreCompound": 0,
						"tyrePressure": [ 51, 44, 50, 46 ]
					},
					"tyreSet": 2,
					"frontBrakePadCompound": 0,
					"rearBrakePadCompound": 0
				}
			],
			"fuelPerLap": 3.7999999523162842
		}
	},
	"advancedSetup":
	{
		"mechanicalBalance":
		{
			"aRBFront": 0,
			"aRBRear": 0,
			"wheelRate": [ 1, 1, 0, 0 ],
			"bumpStopRateUp": [ 0, 0, 20, 20 ],
			"bumpStopRateDn": [ 0, 0, 10, 10 ],
			"bumpStopWindow": [ 32, 32, 18, 18 ],
			"brakeTorque": 20,
			"brakeBias": 0
		},
		"dampers":
		{
			"bumpSlow": [ 2, 2, 3, 3 ],
			"bumpFast": [ 8, 8, 9, 9 ],
			"reboundSlow": [ 7, 7, 6, 6 ],
			"reboundFast": [ 11, 11, 11, 11 ]
		},
		"aeroBalance":
		{
			"rideHeight": [ 0, 11, 25, 18 ],
			"rodLength": [ 30.391986846923828, 30.391986846923828, 0.86913609504699707, 0.86913609504699707 ],
			"splitter": 0,
			"rearWing": 5,
			"brakeDuct": [ 2, 2 ]
		},
		"drivetrain":
		{
			"preload": 0
		}
	},
	"trackBopType": 39
}