{
	"carName": "ferrari_296_gt3",
	"basicSetup":
	{
		"tyres":
		{
			"tyreCompound": 0,
			"tyrePressure": [ 45, 45, 41, 41 ]
		},
		"alignment":
		{
			"camber": [ 0, 0, 0, 0 ],
			"toe": [ 39, 39, 22, 22 ],
			"staticCamber": [ -4.5994229316711426, -4.5994229316711426, -5.2224059104919434, -5.2224059104919434 ],
			"toeOutLinear": [ -0.00054008240113034844, -0.00054008414736017585, -0.00077006424544379115, -0.0007700636051595211 ],
			"casterLF": 17,
			"casterRF": 17,
			"steerRatio": 1
		},
		"electronics":
		{
			"tC1": 3,
			"tC2": 4,
			"abs": 3,
			"eCUMap": 4,
			"fuelMix": 0,
			"telemetryLaps": 0
		},
		"strategy":
		{
			"fuel": 11,
			"nPitStops": 0,
			"tyreSet": 0,
			"frontBrakePadCompound": 0,
			"rearBrakePadCompound": 0,
			"pitStrategy": [
				{
					"fuelToAdd": 0,
					"tyres":
					{
						"tyreCompound": 0,
						"tyrePressure": [ 41, 58, 45, 56 ]
					},
					"tyreSet": 2,
					"frontBrakePadCompound": 1,
					"rearBrakePadCompound": 1
				}
			],
			"fuelPerLap": 2.4500000476837158
		}
	},
	"advancedSetup":
	{
		"mechanicalBalance":
		{
			"aRBFront": 0,
			"aRBRear": 0,
			"wheelRate": [ 4, 4, 0, 0 ],
			"bumpStopRateUp": [ 7, 7, 0, 0 ],
			"bumpStopRateDn": [ 0, 0, 10, 10 ],
			"bumpStopWindow": [ 2, 2, 28, 28 ],
			"brakeTorque": 20,
			"brakeBias": 36
		},
		"dampers":
		{
			"bumpSlow": [ 3, 3, 2, 2 ],
			"bumpFast": [ 6, 6, 8, 8 ],
			"reboundSlow": [ 3, 3, 9, 9 ],
			"reboundFast": [ 5, 5, 10, 10 ]
		},
		"aeroBalance":
		{
			"rideHeight": [ 0, 6, 16, 18 ],
			"rodLength": [ 34.409828186035156, 34.409828186035156, 50.677295684814453, 50.677295684814453 ],
			"splitter": 0,
			"rearWing": 12,
			"brakeDuct": [ 3, 3 ]
		},
		"drivetrain":
		{
			"preload": 0
		}
	},
	"trackBopType": 9
}