{
	"carName": "ferrari_296_gt3",
	"basicSetup":
	{
		"tyres":
		{
			"tyreCompound": 0,
			"tyrePressure": [ 45, 45, 41, 41 ]
		},
		"alignment":
		{
			"camber": [ 1, 1, 6, 6 ],
			"toe": [ 39, 39, 41, 41 ],
			"staticCamber": [ -4.5448646545410156, -4.5448646545410156, -4.5240659713745117, -4.5240659713745117 ],
			"toeOutLinear": [ -0.00059277558466419578, -0.00059277686523273587, -5.3632324124919251e-05, -5.3633364586858079e-05 ],
			"casterLF": 17,
			"casterRF": 17,
			"steerRatio": 1
		},
		"electronics":
		{
			"tC1": 5,
			"tC2": 3,
			"abs": 5,
			"eCUMap": 4,
			"fuelMix": 0,
			"telemetryLaps": 0
		},
		"strategy":
		{
			"fuel": 60,
			"nPitStops": 0,
			"tyreSet": 0,
			"frontBrakePadCompound": 0,
			"rearBrakePadCompound": 0,
			"pitStrategy": [
				{
					"fuelToAdd": 0,
					"tyres":
					{
						"tyreCompound": 0,
						"tyrePressure": [ 41, 58, 45, 56 ]
					},
					"tyreSet": 2,
					"frontBrakePadCompound": 1,
					"rearBrakePadCompound": 1
				}
			],
			"fuelPerLap": 2.4500000476837158
		}
	},
	"advancedSetup":
	{
		"mechanicalBalance":
		{
			"aRBFront": 0,
			"aRBRear": 0,
			"wheelRate": [ 5, 5, 0, 0 ],
			"bumpStopRateUp": [ 7, 7, 0, 0 ],
			"bumpStopRateDn": [ 0, 0, 10, 10 ],
			"bumpStopWindow": [ 2, 2, 28, 28 ],
			"brakeTorque": 20,
			"brakeBias": 36
		},
		"dampers":
		{
			"bumpSlow": [ 3, 3, 2, 2 ],
			"bumpFast": [ 6, 6, 8, 8 ],
			"reboundSlow": [ 3, 3, 9, 9 ],
			"reboundFast": [ 5, 5, 10, 10 ]
		},
		"aeroBalance":
		{
			"rideHeight": [ 2, 6, 14, 18 ],
			"rodLength": [ 36.401718139648438, 36.401718139648438, 49.501014709472656, 49.501014709472656 ],
			"splitter": 0,
			"rearWing": 12,
			"brakeDuct": [ 3, 3 ]
		},
		"drivetrain":
		{
			"preload": 0
		}
	},
	"trackBopType": 9
}