{
	"carName": "bmw_m4_gt3",
	"basicSetup":
	{
		"tyres":
		{
			"tyreCompound": 0,
			"tyrePressure": [ 42, 50, 39, 46 ]
		},
		"alignment":
		{
			"camber": [ 0, 0, 0, 0 ],
			"toe": [ 2, 2, 4, 4 ],
			"staticCamber": [ -4.1433525085449219, -4.1378817558288574, -3.3419573307037354, -3.3371245861053467 ],
			"toeOutLinear": [ 0.00040332091157324612, 0.00040331375203095376, -3.4376262192381546e-05, -3.4390759537927806e-05 ],
			"casterLF": 32,
			"casterRF": 32,
			"steerRatio": 2
		},
		"electronics":
		{
			"tC1": 4,
			"tC2": 0,
			"abs": 3,
			"eCUMap": 0,
			"fuelMix": 0,
			"telemetryLaps": 99
		},
		"strategy":
		{
			"fuel": 11,
			"nPitStops": 0,
			"tyreSet": 0,
			"frontBrakePadCompound": 0,
			"rearBrakePadCompound": 0,
			"pitStrategy": [
				{
					"fuelToAdd": 0,
					"tyres":
					{
						"tyreCompound": 0,
						"tyrePressure": [ 42, 50, 39, 46 ]
					},
					"tyreSet": 2,
					"frontBrakePadCompound": 0,
					"rearBrakePadCompound": 0
				}
			],
			"fuelPerLap": 3.3499999046325684
		}
	},
	"advancedSetup":
	{
		"mechanicalBalance":
		{
			"aRBFront": 9,
			"aRBRear": 3,
			"wheelRate": [ 2, 2, 0, 0 ],
			"bumpStopRateUp": [ 26, 26, 0, 0 ],
			"bumpStopRateDn": [ 0, 0, 10, 10 ],
			"bumpStopWindow": [ 22, 22, 6, 6 ],
			"brakeTorque": 20,
			"brakeBias": 0
		},
		"dampers":
		{
			"bumpSlow": [ 11, 11, 9, 9 ],
			"bumpFast": [ 14, 14, 15, 15 ],
			"reboundSlow": [ 17, 17, 14, 14 ],
			"reboundFast": [ 20, 20, 22, 22 ]
		},
		"aeroBalance":
		{
			"rideHeight": [ 0, 11, 25, 18 ],
			"rodLength": [ 22.85978889465332, 22.85978889465332, 27.845479965209961, 27.845479965209961 ],
			"splitter": 0,
			"rearWing": 8,
			"brakeDuct": [ 2, 2 ]
		},
		"drivetrain":
		{
			"preload": 0
		}
	},
	"trackBopType": 52
}