{
	"carName": "bmw_m4_gt3",
	"basicSetup":
	{
		"tyres":
		{
			"tyreCompound": 0,
			"tyrePressure": [ 43, 50, 40, 46 ]
		},
		"alignment":
		{
			"camber": [ 2, 2, 3, 3 ],
			"toe": [ 6, 6, 3, 3 ],
			"staticCamber": [ -3.9350078105926514, -3.9296388626098633, -2.785503625869751, -2.7806048393249512 ],
			"toeOutLinear": [ 0.00031144791864790022, 0.00031145242974162102, 4.9363614380126819e-05, 4.9364014557795599e-05 ],
			"casterLF": 31,
			"casterRF": 31,
			"steerRatio": 2
		},
		"electronics":
		{
			"tC1": 4,
			"tC2": 0,
			"abs": 3,
			"eCUMap": 0,
			"fuelMix": 0,
			"telemetryLaps": 99
		},
		"strategy":
		{
			"fuel": 38,
			"nPitStops": 0,
			"tyreSet": 0,
			"frontBrakePadCompound": 0,
			"rearBrakePadCompound": 0,
			"pitStrategy": [
				{
					"fuelToAdd": 0,
					"tyres":
					{
						"tyreCompound": 0,
						"tyrePressure": [ 43, 51, 40, 46 ]
					},
					"tyreSet": 2,
					"frontBrakePadCompound": 0,
					"rearBrakePadCompound": 0
				}
			],
			"fuelPerLap": 3.1946630477905273
		}
	},
	"advancedSetup":
	{
		"mechanicalBalance":
		{
			"aRBFront": 9,
			"aRBRear": 4,
			"wheelRate": [ 2, 2, 0, 0 ],
			"bumpStopRateUp": [ 26, 26, 0, 0 ],
			"bumpStopRateDn": [ 0, 0, 10, 10 ],
			"bumpStopWindow": [ 20, 20, 5, 5 ],
			"brakeTorque": 20,
			"brakeBias": 0
		},
		"dampers":
		{
			"bumpSlow": [ 11, 11, 9, 9 ],
			"bumpFast": [ 14, 14, 15, 15 ],
			"reboundSlow": [ 17, 17, 14, 14 ],
			"reboundFast": [ 20, 20, 22, 22 ]
		},
		"aeroBalance":
		{
			"rideHeight": [ 0, 11, 20, 18 ],
			"rodLength": [ 23.014698028564453, 23.014698028564453, 23.813823699951172, 23.813823699951172 ],
			"splitter": 0,
			"rearWing": 8,
			"brakeDuct": [ 2, 2 ]
		},
		"drivetrain":
		{
			"preload": 0
		}
	},
	"trackBopType": 52
}