{
	"carName": "bmw_m4_gt3",
	"basicSetup":
	{
		"tyres":
		{
			"tyreCompound": 0,
			"tyrePressure": [ 49, 57, 46, 54 ]
		},
		"alignment":
		{
			"camber": [ 0, 0, 0, 0 ],
			"toe": [ 2, 2, 4, 4 ],
			"staticCamber": [ -4.1442575454711914, -4.1380047798156738, -3.3455195426940918, -3.3389866352081299 ],
			"toeOutLinear": [ 0.00040333156357519329, 0.00040334093500860035, -3.5100743843941018e-05, -3.5097775253234431e-05 ],
			"casterLF": 32,
			"casterRF": 32,
			"steerRatio": 2
		},
		"electronics":
		{
			"tC1": 4,
			"tC2": 0,
			"abs": 3,
			"eCUMap": 0,
			"fuelMix": 0,
			"telemetryLaps": 99
		},
		"strategy":
		{
			"fuel": 11,
			"nPitStops": 0,
			"tyreSet": 0,
			"frontBrakePadCompound": 0,
			"rearBrakePadCompound": 0,
			"pitStrategy": [
				{
					"fuelToAdd": 0,
					"tyres":
					{
						"tyreCompound": 0,
						"tyrePressure": [ 49, 57, 46, 54 ]
					},
					"tyreSet": 2,
					"frontBrakePadCompound": 0,
					"rearBrakePadCompound": 0
				}
			],
			"fuelPerLap": 3.0450108051300049
		}
	},
	"advancedSetup":
	{
		"mechanicalBalance":
		{
			"aRBFront": 9,
			"aRBRear": 3,
			"wheelRate": [ 2, 2, 0, 0 ],
			"bumpStopRateUp": [ 26, 26, 0, 0 ],
			"bumpStopRateDn": [ 0, 0, 10, 10 ],
			"bumpStopWindow": [ 22, 22, 6, 6 ],
			"brakeTorque": 20,
			"brakeBias": 0
		},
		"dampers":
		{
			"bumpSlow": [ 11, 11, 9, 9 ],
			"bumpFast": [ 14, 14, 15, 15 ],
			"reboundSlow": [ 17, 17, 14, 14 ],
			"reboundFast": [ 20, 20, 22, 22 ]
		},
		"aeroBalance":
		{
			"rideHeight": [ 0, 11, 25, 18 ],
			"rodLength": [ 22.878511428833008, 22.878511428833008, 27.897167205810547, 27.897167205810547 ],
			"splitter": 0,
			"rearWing": 8,
			"brakeDuct": [ 2, 2 ]
		},
		"drivetrain":
		{
			"preload": 0
		}
	},
	"trackBopType": 52
}