{
	"carName": "amr_v8_vantage_gt3",
	"basicSetup":
	{
		"tyres":
		{
			"tyreCompound": 0,
			"tyrePressure": [ 47, 48, 48, 49 ]
		},
		"alignment":
		{
			"camber": [ 0, 0, 4, 4 ],
			"toe": [ 29, 29, 42, 42 ],
			"staticCamber": [ -5.3484230041503906, -5.3478212356567383, -4.5830307006835938, -4.5821704864501953 ],
			"toeOutLinear": [ 0.00021130892855580896, 0.00021130482491571456, 9.2399604909587651e-05, 9.239551582140848e-05 ],
			"casterLF": 21,
			"casterRF": 21,
			"steerRatio": 0
		},
		"electronics":
		{
			"tC1": 4,
			"tC2": 0,
			"abs": 3,
			"eCUMap": 0,
			"fuelMix": 0,
			"telemetryLaps": 99
		},
		"strategy":
		{
			"fuel": 38,
			"nPitStops": 0,
			"tyreSet": 0,
			"frontBrakePadCompound": 0,
			"rearBrakePadCompound": 0,
			"pitStrategy": [
				{
					"fuelToAdd": 0,
					"tyres":
					{
						"tyreCompound": 0,
						"tyrePressure": [ 47, 48, 48, 49 ]
					},
					"tyreSet": 2,
					"frontBrakePadCompound": 0,
					"rearBrakePadCompound": 0
				}
			],
			"fuelPerLap": 3.724151611328125
		}
	},
	"advancedSetup":
	{
		"mechanicalBalance":
		{
			"aRBFront": 8,
			"aRBRear": 0,
			"wheelRate": [ 1, 1, 0, 0 ],
			"bumpStopRateUp": [ 22, 22, 13, 13 ],
			"bumpStopRateDn": [ 0, 0, 10, 10 ],
			"bumpStopWindow": [ 18, 18, 6, 6 ],
			"brakeTorque": 20,
			"brakeBias": 8
		},
		"dampers":
		{
			"bumpSlow": [ 12, 12, 10, 10 ],
			"bumpFast": [ 18, 18, 20, 20 ],
			"reboundSlow": [ 15, 15, 17, 17 ],
			"reboundFast": [ 26, 26, 21, 21 ]
		},
		"aeroBalance":
		{
			"rideHeight": [ 0, 6, 19, 18 ],
			"rodLength": [ 60.099788665771484, 60.099788665771484, 71.16253662109375, 71.16253662109375 ],
			"splitter": 0,
			"rearWing": 5,
			"brakeDuct": [ 2, 2 ]
		},
		"drivetrain":
		{
			"preload": 0
		}
	},
	"trackBopType": 33
}