{
	"carName": "amr_v8_vantage_gt3",
	"basicSetup":
	{
		"tyres":
		{
			"tyreCompound": 0,
			"tyrePressure": [ 58, 52, 53, 50 ]
		},
		"alignment":
		{
			"camber": [ 0, 0, 4, 4 ],
			"toe": [ 24, 24, 44, 44 ],
			"staticCamber": [ -5.5558161735534668, -5.5613899230957031, -4.9839210510253906, -4.9868364334106445 ],
			"toeOutLinear": [ 0.0003335115616209805, 0.00033350975718349218, 0.00016038119792938232, 0.00016031184350140393 ],
			"casterLF": 30,
			"casterRF": 30,
			"steerRatio": 0
		},
		"electronics":
		{
			"tC1": 3,
			"tC2": 0,
			"abs": 3,
			"eCUMap": 0,
			"fuelMix": 0,
			"telemetryLaps": 99
		},
		"strategy":
		{
			"fuel": 38,
			"nPitStops": 0,
			"tyreSet": 0,
			"frontBrakePadCompound": 0,
			"rearBrakePadCompound": 0,
			"pitStrategy": [
				{
					"fuelToAdd": 0,
					"tyres":
					{
						"tyreCompound": 0,
						"tyrePressure": [ 58, 52, 53, 50 ]
					},
					"tyreSet": 2,
					"frontBrakePadCompound": 0,
					"rearBrakePadCompound": 0
				}
			],
			"fuelPerLap": 2.7687950134277344
		}
	},
	"advancedSetup":
	{
		"mechanicalBalance":
		{
			"aRBFront": 8,
			"aRBRear": 0,
			"wheelRate": [ 3, 3, 1, 1 ],
			"bumpStopRateUp": [ 22, 22, 0, 0 ],
			"bumpStopRateDn": [ 0, 0, 10, 10 ],
			"bumpStopWindow": [ 16, 16, 9, 9 ],
			"brakeTorque": 20,
			"brakeBias": 0
		},
		"dampers":
		{
			"bumpSlow": [ 14, 14, 10, 10 ],
			"bumpFast": [ 45, 45, 49, 49 ],
			"reboundSlow": [ 20, 20, 28, 28 ],
			"reboundFast": [ 49, 49, 36, 36 ]
		},
		"aeroBalance":
		{
			"rideHeight": [ 5, 6, 35, 18 ],
			"rodLength": [ 63.912796020507813, 63.912796020507813, 86.488327026367188, 86.488327026367188 ],
			"splitter": 0,
			"rearWing": 10,
			"brakeDuct": [ 2, 2 ]
		},
		"drivetrain":
		{
			"preload": 0
		}
	},
	"trackBopType": 27
}