{
	"carName": "amr_v8_vantage_gt3",
	"basicSetup":
	{
		"tyres":
		{
			"tyreCompound": 0,
			"tyrePressure": [ 52, 46, 48, 45 ]
		},
		"alignment":
		{
			"camber": [ 0, 0, 4, 4 ],
			"toe": [ 24, 24, 44, 44 ],
			"staticCamber": [ -5.5562896728515625, -5.5604743957519531, -4.9831037521362305, -4.9851679801940918 ],
			"toeOutLinear": [ 0.00033351354068145156, 0.00033350620651617646, 0.00016031294944696128, 0.00016026994853746146 ],
			"casterLF": 30,
			"casterRF": 30,
			"steerRatio": 0
		},
		"electronics":
		{
			"tC1": 3,
			"tC2": 0,
			"abs": 3,
			"eCUMap": 0,
			"fuelMix": 0,
			"telemetryLaps": 99
		},
		"strategy":
		{
			"fuel": 38,
			"nPitStops": 0,
			"tyreSet": 0,
			"frontBrakePadCompound": 0,
			"rearBrakePadCompound": 0,
			"pitStrategy": [
				{
					"fuelToAdd": 0,
					"tyres":
					{
						"tyreCompound": 0,
						"tyrePressure": [ 52, 46, 48, 45 ]
					},
					"tyreSet": 2,
					"frontBrakePadCompound": 0,
					"rearBrakePadCompound": 0
				}
			],
			"fuelPerLap": 3
		}
	},
	"advancedSetup":
	{
		"mechanicalBalance":
		{
			"aRBFront": 8,
			"aRBRear": 0,
			"wheelRate": [ 3, 3, 1, 1 ],
			"bumpStopRateUp": [ 22, 22, 0, 0 ],
			"bumpStopRateDn": [ 0, 0, 10, 10 ],
			"bumpStopWindow": [ 16, 16, 9, 9 ],
			"brakeTorque": 20,
			"brakeBias": 0
		},
		"dampers":
		{
			"bumpSlow": [ 14, 14, 10, 10 ],
			"bumpFast": [ 45, 45, 49, 49 ],
			"reboundSlow": [ 20, 20, 28, 28 ],
			"reboundFast": [ 49, 49, 36, 36 ]
		},
		"aeroBalance":
		{
			"rideHeight": [ 5, 6, 35, 18 ],
			"rodLength": [ 63.904369354248047, 63.904369354248047, 86.426315307617188, 86.426315307617188 ],
			"splitter": 0,
			"rearWing": 10,
			"brakeDuct": [ 2, 2 ]
		},
		"drivetrain":
		{
			"preload": 0
		}
	},
	"trackBopType": 27
}