{
	"carName": "bmw_m4_gt3",
	"basicSetup":
	{
		"tyres":
		{
			"tyreCompound": 0,
			"tyrePressure": [ 55, 56, 53, 54 ]
		},
		"alignment":
		{
			"camber": [ 0, 0, 0, 0 ],
			"toe": [ 14, 14, 0, 0 ],
			"staticCamber": [ -4.113736629486084, -4.1129579544067383, -3.1693661212921143, -3.1683735847473145 ],
			"toeOutLinear": [ 0.0001421384367858991, 0.00014213846588972956, 8.722021448193118e-05, 8.7218402768485248e-05 ],
			"casterLF": 34,
			"casterRF": 34,
			"steerRatio": 2
		},
		"electronics":
		{
			"tC1": 3,
			"tC2": 0,
			"abs": 2,
			"eCUMap": 0,
			"fuelMix": 0,
			"telemetryLaps": 99
		},
		"strategy":
		{
			"fuel": 14,
			"nPitStops": 0,
			"tyreSet": 0,
			"frontBrakePadCompound": 0,
			"rearBrakePadCompound": 0,
			"pitStrategy": [
				{
					"fuelToAdd": 0,
					"tyres":
					{
						"tyreCompound": 0,
						"tyrePressure": [ 55, 56, 53, 54 ]
					},
					"tyreSet": 2,
					"frontBrakePadCompound": 0,
					"rearBrakePadCompound": 0
				}
			],
			"fuelPerLap": 4.0164585113525391
		}
	},
	"advancedSetup":
	{
		"mechanicalBalance":
		{
			"aRBFront": 9,
			"aRBRear": 0,
			"wheelRate": [ 1, 1, 0, 0 ],
			"bumpStopRateUp": [ 20, 20, 20, 20 ],
			"bumpStopRateDn": [ 0, 0, 10, 10 ],
			"bumpStopWindow": [ 22, 22, 20, 20 ],
			"brakeTorque": 20,
			"brakeBias": 0
		},
		"dampers":
		{
			"bumpSlow": [ 13, 13, 12, 12 ],
			"bumpFast": [ 38, 38, 38, 38 ],
			"reboundSlow": [ 15, 15, 16, 16 ],
			"reboundFast": [ 49, 49, 49, 49 ]
		},
		"aeroBalance":
		{
			"rideHeight": [ 0, 11, 22, 18 ],
			"rodLength": [ 24.723142623901367, 24.723142623901367, 24.285041809082031, 24.285041809082031 ],
			"splitter": 0,
			"rearWing": 6,
			"brakeDuct": [ 2, 2 ]
		},
		"drivetrain":
		{
			"preload": 0
		}
	},
	"trackBopType": 33
}