{
	"carName": "bmw_m4_gt3",
	"basicSetup":
	{
		"tyres":
		{
			"tyreCompound": 0,
			"tyrePressure": [ 49, 49, 46, 47 ]
		},
		"alignment":
		{
			"camber": [ 0, 0, 0, 0 ],
			"toe": [ 14, 14, 0, 0 ],
			"staticCamber": [ -4.1128044128417969, -4.1128048896789551, -3.1669833660125732, -3.1663081645965576 ],
			"toeOutLinear": [ 0.00014210409426596016, 0.00014210397785063833, 8.7770356913097203e-05, 8.7767788500059396e-05 ],
			"casterLF": 34,
			"casterRF": 34,
			"steerRatio": 2
		},
		"electronics":
		{
			"tC1": 3,
			"tC2": 0,
			"abs": 2,
			"eCUMap": 0,
			"fuelMix": 0,
			"telemetryLaps": 99
		},
		"strategy":
		{
			"fuel": 14,
			"nPitStops": 0,
			"tyreSet": 0,
			"frontBrakePadCompound": 0,
			"rearBrakePadCompound": 0,
			"pitStrategy": [
				{
					"fuelToAdd": 0,
					"tyres":
					{
						"tyreCompound": 0,
						"tyrePressure": [ 49, 49, 46, 47 ]
					},
					"tyreSet": 2,
					"frontBrakePadCompound": 0,
					"rearBrakePadCompound": 0
				}
			],
			"fuelPerLap": 4.0999999046325684
		}
	},
	"advancedSetup":
	{
		"mechanicalBalance":
		{
			"aRBFront": 9,
			"aRBRear": 0,
			"wheelRate": [ 1, 1, 0, 0 ],
			"bumpStopRateUp": [ 20, 20, 20, 20 ],
			"bumpStopRateDn": [ 0, 0, 10, 10 ],
			"bumpStopWindow": [ 22, 22, 20, 20 ],
			"brakeTorque": 20,
			"brakeBias": 0
		},
		"dampers":
		{
			"bumpSlow": [ 13, 13, 12, 12 ],
			"bumpFast": [ 38, 38, 38, 38 ],
			"reboundSlow": [ 15, 15, 16, 16 ],
			"reboundFast": [ 49, 49, 49, 49 ]
		},
		"aeroBalance":
		{
			"rideHeight": [ 0, 11, 22, 18 ],
			"rodLength": [ 24.703580856323242, 24.703580856323242, 24.243026733398438, 24.243026733398438 ],
			"splitter": 0,
			"rearWing": 6,
			"brakeDuct": [ 2, 2 ]
		},
		"drivetrain":
		{
			"preload": 0
		}
	},
	"trackBopType": 33
}