{
	"carName": "bmw_m4_gt3",
	"basicSetup":
	{
		"tyres":
		{
			"tyreCompound": 0,
			"tyrePressure": [ 55, 56, 53, 54 ]
		},
		"alignment":
		{
			"camber": [ 0, 0, 5, 5 ],
			"toe": [ 16, 16, 1, 1 ],
			"staticCamber": [ -4.1107759475708008, -4.1099948883056641, -2.5613384246826172, -2.5603377819061279 ],
			"toeOutLinear": [ 9.7012467449530959e-05, 9.701232920633629e-05, 9.3716713308822364e-05, 9.3714523245580494e-05 ],
			"casterLF": 34,
			"casterRF": 34,
			"steerRatio": 2
		},
		"electronics":
		{
			"tC1": 4,
			"tC2": 0,
			"abs": 3,
			"eCUMap": 0,
			"fuelMix": 0,
			"telemetryLaps": 99
		},
		"strategy":
		{
			"fuel": 38,
			"nPitStops": 0,
			"tyreSet": 0,
			"frontBrakePadCompound": 0,
			"rearBrakePadCompound": 0,
			"pitStrategy": [
				{
					"fuelToAdd": 0,
					"tyres":
					{
						"tyreCompound": 0,
						"tyrePressure": [ 55, 56, 53, 54 ]
					},
					"tyreSet": 2,
					"frontBrakePadCompound": 0,
					"rearBrakePadCompound": 0
				}
			],
			"fuelPerLap": 3.9511356353759766
		}
	},
	"advancedSetup":
	{
		"mechanicalBalance":
		{
			"aRBFront": 9,
			"aRBRear": 0,
			"wheelRate": [ 1, 1, 1, 1 ],
			"bumpStopRateUp": [ 20, 20, 14, 14 ],
			"bumpStopRateDn": [ 0, 0, 10, 10 ],
			"bumpStopWindow": [ 22, 22, 21, 21 ],
			"brakeTorque": 20,
			"brakeBias": 0
		},
		"dampers":
		{
			"bumpSlow": [ 13, 13, 13, 13 ],
			"bumpFast": [ 38, 38, 38, 38 ],
			"reboundSlow": [ 16, 16, 16, 16 ],
			"reboundFast": [ 49, 49, 49, 49 ]
		},
		"aeroBalance":
		{
			"rideHeight": [ 0, 11, 20, 18 ],
			"rodLength": [ 24.933559417724609, 24.933559417724609, 18.377323150634766, 18.377323150634766 ],
			"splitter": 0,
			"rearWing": 6,
			"brakeDuct": [ 2, 2 ]
		},
		"drivetrain":
		{
			"preload": 0
		}
	},
	"trackBopType": 33
}