{
	"carName": "bmw_m4_gt3",
	"basicSetup":
	{
		"tyres":
		{
			"tyreCompound": 0,
			"tyrePressure": [ 61, 53, 56, 51 ]
		},
		"alignment":
		{
			"camber": [ 0, 0, 6, 6 ],
			"toe": [ 10, 10, 1, 1 ],
			"staticCamber": [ -4.1222219467163086, -4.1270356178283691, -2.9624495506286621, -2.9658396244049072 ],
			"toeOutLinear": [ 0.00024838335230015218, 0.00024838518584147096, -3.7742916902061552e-05, -3.7730202166130766e-05 ],
			"casterLF": 40,
			"casterRF": 40,
			"steerRatio": 2
		},
		"electronics":
		{
			"tC1": 3,
			"tC2": 0,
			"abs": 3,
			"eCUMap": 0,
			"fuelMix": 0,
			"telemetryLaps": 99
		},
		"strategy":
		{
			"fuel": 38,
			"nPitStops": 0,
			"tyreSet": 0,
			"frontBrakePadCompound": 0,
			"rearBrakePadCompound": 0,
			"pitStrategy": [
				{
					"fuelToAdd": 0,
					"tyres":
					{
						"tyreCompound": 0,
						"tyrePressure": [ 53, 46, 49, 44 ]
					},
					"tyreSet": 2,
					"frontBrakePadCompound": 0,
					"rearBrakePadCompound": 0
				}
			],
			"fuelPerLap": 3.7999999523162842
		}
	},
	"advancedSetup":
	{
		"mechanicalBalance":
		{
			"aRBFront": 9,
			"aRBRear": 0,
			"wheelRate": [ 1, 1, 0, 0 ],
			"bumpStopRateUp": [ 26, 26, 0, 0 ],
			"bumpStopRateDn": [ 0, 0, 10, 10 ],
			"bumpStopWindow": [ 25, 25, 16, 16 ],
			"brakeTorque": 20,
			"brakeBias": 0
		},
		"dampers":
		{
			"bumpSlow": [ 13, 13, 13, 13 ],
			"bumpFast": [ 32, 32, 34, 34 ],
			"reboundSlow": [ 24, 24, 24, 24 ],
			"reboundFast": [ 48, 48, 49, 49 ]
		},
		"aeroBalance":
		{
			"rideHeight": [ 0, 11, 30, 18 ],
			"rodLength": [ 25.314323425292969, 25.314323425292969, 33.232387542724609, 33.232387542724609 ],
			"splitter": 0,
			"rearWing": 7,
			"brakeDuct": [ 2, 2 ]
		},
		"drivetrain":
		{
			"preload": 0
		}
	},
	"trackBopType": 39
}