{
	"carName": "bmw_m4_gt3",
	"basicSetup":
	{
		"tyres":
		{
			"tyreCompound": 0,
			"tyrePressure": [ 50, 57, 47, 52 ]
		},
		"alignment":
		{
			"camber": [ 0, 0, 5, 5 ],
			"toe": [ 4, 4, 2, 2 ],
			"staticCamber": [ -4.1377229690551758, -4.131591796875, -2.6709961891174316, -2.6664087772369385 ],
			"toeOutLinear": [ 0.0003681924135889858, 0.00036819340311922133, 4.7968504077289253e-05, 4.7966885176720098e-05 ],
			"casterLF": 34,
			"casterRF": 34,
			"steerRatio": 2
		},
		"electronics":
		{
			"tC1": 4,
			"tC2": 0,
			"abs": 3,
			"eCUMap": 0,
			"fuelMix": 0,
			"telemetryLaps": 99
		},
		"strategy":
		{
			"fuel": 38,
			"nPitStops": 0,
			"tyreSet": 0,
			"frontBrakePadCompound": 0,
			"rearBrakePadCompound": 0,
			"pitStrategy": [
				{
					"fuelToAdd": 0,
					"tyres":
					{
						"tyreCompound": 0,
						"tyrePressure": [ 50, 57, 47, 52 ]
					},
					"tyreSet": 2,
					"frontBrakePadCompound": 0,
					"rearBrakePadCompound": 0
				}
			],
			"fuelPerLap": 2.5471858978271484
		}
	},
	"advancedSetup":
	{
		"mechanicalBalance":
		{
			"aRBFront": 9,
			"aRBRear": 0,
			"wheelRate": [ 1, 1, 0, 0 ],
			"bumpStopRateUp": [ 26, 26, 1, 1 ],
			"bumpStopRateDn": [ 0, 0, 10, 10 ],
			"bumpStopWindow": [ 19, 19, 2, 2 ],
			"brakeTorque": 20,
			"brakeBias": 0
		},
		"dampers":
		{
			"bumpSlow": [ 12, 12, 6, 6 ],
			"bumpFast": [ 42, 42, 49, 49 ],
			"reboundSlow": [ 16, 16, 13, 13 ],
			"reboundFast": [ 45, 45, 43, 43 ]
		},
		"aeroBalance":
		{
			"rideHeight": [ 0, 11, 22, 18 ],
			"rodLength": [ 24.406997680664063, 24.406997680664063, 24.139324188232422, 24.139324188232422 ],
			"splitter": 0,
			"rearWing": 8,
			"brakeDuct": [ 2, 2 ]
		},
		"drivetrain":
		{
			"preload": 0
		}
	},
	"trackBopType": 28
}