{
	"carName": "ferrari_296_gt3",
	"basicSetup":
	{
		"tyres":
		{
			"tyreCompound": 0,
			"tyrePressure": [ 51, 60, 48, 56 ]
		},
		"alignment":
		{
			"camber": [ 0, 0, 0, 0 ],
			"toe": [ 40, 40, 24, 24 ],
			"staticCamber": [ -4.7294244766235352, -4.7234969139099121, -4.5916252136230469, -4.5859065055847168 ],
			"toeOutLinear": [ -0.00061607453972101212, -0.00061609537806361914, -0.00063961418345570564, -0.00063959881663322449 ],
			"casterLF": 30,
			"casterRF": 30,
			"steerRatio": 4
		},
		"electronics":
		{
			"tC1": 5,
			"tC2": 2,
			"abs": 3,
			"eCUMap": 4,
			"fuelMix": 0,
			"telemetryLaps": 99
		},
		"strategy":
		{
			"fuel": 11,
			"nPitStops": 0,
			"tyreSet": 0,
			"frontBrakePadCompound": 0,
			"rearBrakePadCompound": 0,
			"pitStrategy": [
				{
					"fuelToAdd": 0,
					"tyres":
					{
						"tyreCompound": 0,
						"tyrePressure": [ 51, 60, 48, 56 ]
					},
					"tyreSet": 2,
					"frontBrakePadCompound": 0,
					"rearBrakePadCompound": 0
				}
			],
			"fuelPerLap": 2.9585325717926025
		}
	},
	"advancedSetup":
	{
		"mechanicalBalance":
		{
			"aRBFront": 4,
			"aRBRear": 0,
			"wheelRate": [ 6, 6, 0, 0 ],
			"bumpStopRateUp": [ 11, 11, 0, 0 ],
			"bumpStopRateDn": [ 0, 0, 10, 10 ],
			"bumpStopWindow": [ 4, 4, 38, 38 ],
			"brakeTorque": 20,
			"brakeBias": 48
		},
		"dampers":
		{
			"bumpSlow": [ 8, 8, 1, 1 ],
			"bumpFast": [ 5, 5, 4, 4 ],
			"reboundSlow": [ 5, 5, 8, 8 ],
			"reboundFast": [ 5, 5, 6, 6 ]
		},
		"aeroBalance":
		{
			"rideHeight": [ 5, 6, 4, 18 ],
			"rodLength": [ 38.466201782226563, 38.466201782226563, 38.588691711425781, 38.588691711425781 ],
			"splitter": 0,
			"rearWing": 0,
			"brakeDuct": [ 2, 2 ]
		},
		"drivetrain":
		{
			"preload": 0
		}
	},
	"trackBopType": 31
}