{
	"carName": "ferrari_296_gt3",
	"basicSetup":
	{
		"tyres":
		{
			"tyreCompound": 0,
			"tyrePressure": [ 58, 67, 55, 63 ]
		},
		"alignment":
		{
			"camber": [ 0, 0, 5, 5 ],
			"toe": [ 40, 40, 40, 40 ],
			"staticCamber": [ -4.8358640670776367, -4.8311419486999512, -4.0849609375, -4.0785617828369141 ],
			"toeOutLinear": [ -0.00073062034789472818, -0.00073062709998339415, -3.7648496800102293e-05, -3.7652636819984764e-05 ],
			"casterLF": 30,
			"casterRF": 30,
			"steerRatio": 4
		},
		"electronics":
		{
			"tC1": 6,
			"tC2": 2,
			"abs": 3,
			"eCUMap": 4,
			"fuelMix": 0,
			"telemetryLaps": 99
		},
		"strategy":
		{
			"fuel": 38,
			"nPitStops": 0,
			"tyreSet": 0,
			"frontBrakePadCompound": 0,
			"rearBrakePadCompound": 0,
			"pitStrategy": [
				{
					"fuelToAdd": 0,
					"tyres":
					{
						"tyreCompound": 0,
						"tyrePressure": [ 58, 67, 55, 63 ]
					},
					"tyreSet": 2,
					"frontBrakePadCompound": 0,
					"rearBrakePadCompound": 0
				}
			],
			"fuelPerLap": 2.9585325717926025
		}
	},
	"advancedSetup":
	{
		"mechanicalBalance":
		{
			"aRBFront": 4,
			"aRBRear": 0,
			"wheelRate": [ 6, 6, 0, 0 ],
			"bumpStopRateUp": [ 11, 11, 0, 0 ],
			"bumpStopRateDn": [ 0, 0, 10, 10 ],
			"bumpStopWindow": [ 6, 6, 38, 38 ],
			"brakeTorque": 20,
			"brakeBias": 50
		},
		"dampers":
		{
			"bumpSlow": [ 8, 8, 1, 1 ],
			"bumpFast": [ 5, 5, 4, 4 ],
			"reboundSlow": [ 5, 5, 8, 8 ],
			"reboundFast": [ 5, 5, 6, 6 ]
		},
		"aeroBalance":
		{
			"rideHeight": [ 10, 6, 4, 18 ],
			"rodLength": [ 43.59735107421875, 43.59735107421875, 38.825469970703125, 38.825469970703125 ],
			"splitter": 0,
			"rearWing": 0,
			"brakeDuct": [ 2, 2 ]
		},
		"drivetrain":
		{
			"preload": 0
		}
	},
	"trackBopType": 31
}