{
	"carName": "ferrari_296_gt3",
	"basicSetup":
	{
		"tyres":
		{
			"tyreCompound": 0,
			"tyrePressure": [ 51, 60, 48, 56 ]
		},
		"alignment":
		{
			"camber": [ 0, 0, 5, 5 ],
			"toe": [ 40, 40, 40, 40 ],
			"staticCamber": [ -4.8383407592773438, -4.8321127891540527, -4.0900378227233887, -4.084038257598877 ],
			"toeOutLinear": [ -0.00073254271410405636, -0.00073253869777545333, -3.8041616789996624e-05, -3.8059530197642744e-05 ],
			"casterLF": 30,
			"casterRF": 30,
			"steerRatio": 4
		},
		"electronics":
		{
			"tC1": 6,
			"tC2": 2,
			"abs": 3,
			"eCUMap": 4,
			"fuelMix": 0,
			"telemetryLaps": 99
		},
		"strategy":
		{
			"fuel": 38,
			"nPitStops": 0,
			"tyreSet": 0,
			"frontBrakePadCompound": 0,
			"rearBrakePadCompound": 0,
			"pitStrategy": [
				{
					"fuelToAdd": 0,
					"tyres":
					{
						"tyreCompound": 0,
						"tyrePressure": [ 51, 60, 48, 56 ]
					},
					"tyreSet": 2,
					"frontBrakePadCompound": 0,
					"rearBrakePadCompound": 0
				}
			],
			"fuelPerLap": 2.9776229858398438
		}
	},
	"advancedSetup":
	{
		"mechanicalBalance":
		{
			"aRBFront": 4,
			"aRBRear": 0,
			"wheelRate": [ 6, 6, 0, 0 ],
			"bumpStopRateUp": [ 11, 11, 0, 0 ],
			"bumpStopRateDn": [ 0, 0, 10, 10 ],
			"bumpStopWindow": [ 6, 6, 38, 38 ],
			"brakeTorque": 20,
			"brakeBias": 50
		},
		"dampers":
		{
			"bumpSlow": [ 8, 8, 1, 1 ],
			"bumpFast": [ 5, 5, 4, 4 ],
			"reboundSlow": [ 5, 5, 8, 8 ],
			"reboundFast": [ 5, 5, 6, 6 ]
		},
		"aeroBalance":
		{
			"rideHeight": [ 10, 6, 4, 18 ],
			"rodLength": [ 43.679794311523438, 43.679794311523438, 38.922866821289063, 38.922866821289063 ],
			"splitter": 0,
			"rearWing": 0,
			"brakeDuct": [ 2, 2 ]
		},
		"drivetrain":
		{
			"preload": 0
		}
	},
	"trackBopType": 31
}