{
	"carName": "bmw_m4_gt3",
	"basicSetup":
	{
		"tyres":
		{
			"tyreCompound": 0,
			"tyrePressure": [ 49, 56, 45, 52 ]
		},
		"alignment":
		{
			"camber": [ 0, 0, 5, 5 ],
			"toe": [ 6, 6, 1, 1 ],
			"staticCamber": [ -4.1344780921936035, -4.1286129951477051, -2.4545609951019287, -2.4485676288604736 ],
			"toeOutLinear": [ 0.000329705944750458, 0.00032971764449030161, 0.00011909229942830279, 0.00011909490422112867 ],
			"casterLF": 36,
			"casterRF": 36,
			"steerRatio": 2
		},
		"electronics":
		{
			"tC1": 4,
			"tC2": 0,
			"abs": 3,
			"eCUMap": 0,
			"fuelMix": 0,
			"telemetryLaps": 99
		},
		"strategy":
		{
			"fuel": 38,
			"nPitStops": 0,
			"tyreSet": 0,
			"frontBrakePadCompound": 0,
			"rearBrakePadCompound": 0,
			"pitStrategy": [
				{
					"fuelToAdd": 0,
					"tyres":
					{
						"tyreCompound": 0,
						"tyrePressure": [ 49, 56, 45, 52 ]
					},
					"tyreSet": 2,
					"frontBrakePadCompound": 0,
					"rearBrakePadCompound": 0
				}
			],
			"fuelPerLap": 2.5124139785766602
		}
	},
	"advancedSetup":
	{
		"mechanicalBalance":
		{
			"aRBFront": 9,
			"aRBRear": 0,
			"wheelRate": [ 0, 0, 0, 0 ],
			"bumpStopRateUp": [ 26, 26, 0, 0 ],
			"bumpStopRateDn": [ 0, 0, 10, 10 ],
			"bumpStopWindow": [ 24, 24, 8, 8 ],
			"brakeTorque": 20,
			"brakeBias": 0
		},
		"dampers":
		{
			"bumpSlow": [ 9, 9, 6, 6 ],
			"bumpFast": [ 36, 36, 36, 36 ],
			"reboundSlow": [ 15, 15, 12, 12 ],
			"reboundFast": [ 43, 43, 42, 42 ]
		},
		"aeroBalance":
		{
			"rideHeight": [ 0, 11, 18, 18 ],
			"rodLength": [ 27.366849899291992, 27.366849899291992, 20.167510986328125, 20.167510986328125 ],
			"splitter": 0,
			"rearWing": 8,
			"brakeDuct": [ 3, 3 ]
		},
		"drivetrain":
		{
			"preload": 0
		}
	},
	"trackBopType": 37
}