{
	"carName": "ford_mustang_gt3",
	"basicSetup":
	{
		"tyres":
		{
			"tyreCompound": 0,
			"tyrePressure": [ 40, 51, 45, 50 ]
		},
		"alignment":
		{
			"camber": [ 0, 0, 0, 0 ],
			"toe": [ 0, 0, 0, 0 ],
			"staticCamber": [ -4.2681479454040527, -4.2591104507446289, -2.7102773189544678, -2.706275463104248 ],
			"toeOutLinear": [ 0.00049692299216985703, 0.00049692142056301236, -0.00018482140148989856, -0.00018498653662391007 ],
			"casterLF": 40,
			"casterRF": 40,
			"steerRatio": 1
		},
		"electronics":
		{
			"tC1": 5,
			"tC2": 0,
			"abs": 2,
			"eCUMap": 0,
			"fuelMix": 0,
			"telemetryLaps": 99
		},
		"strategy":
		{
			"fuel": 12,
			"nPitStops": 0,
			"tyreSet": 0,
			"frontBrakePadCompound": 0,
			"rearBrakePadCompound": 0,
			"pitStrategy": [
				{
					"fuelToAdd": 0,
					"tyres":
					{
						"tyreCompound": 0,
						"tyrePressure": [ 40, 51, 45, 50 ]
					},
					"tyreSet": 2,
					"frontBrakePadCompound": 0,
					"rearBrakePadCompound": 0
				}
			],
			"fuelPerLap": 2.5444707870483398
		}
	},
	"advancedSetup":
	{
		"mechanicalBalance":
		{
			"aRBFront": 9,
			"aRBRear": 0,
			"wheelRate": [ 0, 0, 1, 1 ],
			"bumpStopRateUp": [ 24, 24, 26, 26 ],
			"bumpStopRateDn": [ 0, 0, 10, 10 ],
			"bumpStopWindow": [ 32, 32, 18, 18 ],
			"brakeTorque": 20,
			"brakeBias": 0
		},
		"dampers":
		{
			"bumpSlow": [ 0, 0, 0, 0 ],
			"bumpFast": [ 7, 7, 7, 7 ],
			"reboundSlow": [ 6, 6, 3, 3 ],
			"reboundFast": [ 11, 11, 11, 11 ]
		},
		"aeroBalance":
		{
			"rideHeight": [ 0, 11, 30, 18 ],
			"rodLength": [ 33.744888305664063, 33.744888305664063, 1.8514944314956665, 1.8514944314956665 ],
			"splitter": 0,
			"rearWing": 7,
			"brakeDuct": [ 2, 2 ]
		},
		"drivetrain":
		{
			"preload": 0
		}
	},
	"trackBopType": 37
}