{
	"carName": "ford_mustang_gt3",
	"basicSetup":
	{
		"tyres":
		{
			"tyreCompound": 0,
			"tyrePressure": [ 46, 55, 48, 52 ]
		},
		"alignment":
		{
			"camber": [ 0, 0, 6, 6 ],
			"toe": [ 8, 8, 11, 11 ],
			"staticCamber": [ -4.25042724609375, -4.2414045333862305, -2.1179883480072021, -2.1145780086517334 ],
			"toeOutLinear": [ 0.00028762922738678753, 0.00028763656155206263, 0.00020036290516145527, 0.00020017422502860427 ],
			"casterLF": 40,
			"casterRF": 40,
			"steerRatio": 1
		},
		"electronics":
		{
			"tC1": 6,
			"tC2": 0,
			"abs": 3,
			"eCUMap": 0,
			"fuelMix": 0,
			"telemetryLaps": 99
		},
		"strategy":
		{
			"fuel": 38,
			"nPitStops": 0,
			"tyreSet": 0,
			"frontBrakePadCompound": 1,
			"rearBrakePadCompound": 0,
			"pitStrategy": [
				{
					"fuelToAdd": 0,
					"tyres":
					{
						"tyreCompound": 0,
						"tyrePressure": [ 46, 55, 48, 52 ]
					},
					"tyreSet": 2,
					"frontBrakePadCompound": 1,
					"rearBrakePadCompound": 0
				}
			],
			"fuelPerLap": 2.6594486236572266
		}
	},
	"advancedSetup":
	{
		"mechanicalBalance":
		{
			"aRBFront": 9,
			"aRBRear": 2,
			"wheelRate": [ 2, 2, 0, 0 ],
			"bumpStopRateUp": [ 24, 24, 16, 16 ],
			"bumpStopRateDn": [ 0, 0, 10, 10 ],
			"bumpStopWindow": [ 32, 32, 15, 15 ],
			"brakeTorque": 20,
			"brakeBias": 0
		},
		"dampers":
		{
			"bumpSlow": [ 2, 2, 1, 1 ],
			"bumpFast": [ 8, 8, 8, 8 ],
			"reboundSlow": [ 4, 4, 4, 4 ],
			"reboundFast": [ 10, 10, 11, 11 ]
		},
		"aeroBalance":
		{
			"rideHeight": [ 0, 11, 30, 18 ],
			"rodLength": [ 27.859752655029297, 27.859752655029297, 6.0376214981079102, 6.0376214981079102 ],
			"splitter": 0,
			"rearWing": 8,
			"brakeDuct": [ 3, 3 ]
		},
		"drivetrain":
		{
			"preload": 0
		}
	},
	"trackBopType": 28
}