{
	"carName": "ford_mustang_gt3",
	"basicSetup":
	{
		"tyres":
		{
			"tyreCompound": 0,
			"tyrePressure": [ 46, 55, 48, 52 ]
		},
		"alignment":
		{
			"camber": [ 0, 0, 0, 0 ],
			"toe": [ 8, 8, 0, 0 ],
			"staticCamber": [ -4.2492666244506836, -4.2402815818786621, -2.7084581851959229, -2.7050793170928955 ],
			"toeOutLinear": [ 0.00028769081109203398, 0.0002876878425013274, -0.00018456968246027827, -0.00018475635442882776 ],
			"casterLF": 40,
			"casterRF": 40,
			"steerRatio": 1
		},
		"electronics":
		{
			"tC1": 5,
			"tC2": 0,
			"abs": 2,
			"eCUMap": 0,
			"fuelMix": 0,
			"telemetryLaps": 99
		},
		"strategy":
		{
			"fuel": 12,
			"nPitStops": 0,
			"tyreSet": 0,
			"frontBrakePadCompound": 1,
			"rearBrakePadCompound": 0,
			"pitStrategy": [
				{
					"fuelToAdd": 0,
					"tyres":
					{
						"tyreCompound": 0,
						"tyrePressure": [ 46, 55, 48, 52 ]
					},
					"tyreSet": 2,
					"frontBrakePadCompound": 1,
					"rearBrakePadCompound": 0
				}
			],
			"fuelPerLap": 2.6412792205810547
		}
	},
	"advancedSetup":
	{
		"mechanicalBalance":
		{
			"aRBFront": 9,
			"aRBRear": 2,
			"wheelRate": [ 2, 2, 0, 0 ],
			"bumpStopRateUp": [ 24, 24, 13, 13 ],
			"bumpStopRateDn": [ 0, 0, 10, 10 ],
			"bumpStopWindow": [ 32, 32, 14, 14 ],
			"brakeTorque": 20,
			"brakeBias": 0
		},
		"dampers":
		{
			"bumpSlow": [ 2, 2, 1, 1 ],
			"bumpFast": [ 8, 8, 8, 8 ],
			"reboundSlow": [ 4, 4, 4, 4 ],
			"reboundFast": [ 10, 10, 11, 11 ]
		},
		"aeroBalance":
		{
			"rideHeight": [ 0, 11, 30, 18 ],
			"rodLength": [ 27.658346176147461, 27.658346176147461, 5.404059886932373, 5.404059886932373 ],
			"splitter": 0,
			"rearWing": 8,
			"brakeDuct": [ 3, 3 ]
		},
		"drivetrain":
		{
			"preload": 0
		}
	},
	"trackBopType": 28
}