{
	"carName": "ford_mustang_gt3",
	"basicSetup":
	{
		"tyres":
		{
			"tyreCompound": 0,
			"tyrePressure": [ 45, 54, 49, 52 ]
		},
		"alignment":
		{
			"camber": [ 0, 0, 6, 6 ],
			"toe": [ 8, 8, 11, 11 ],
			"staticCamber": [ -4.2477669715881348, -4.2402138710021973, -2.1131417751312256, -2.1108543872833252 ],
			"toeOutLinear": [ 0.00028772949008271098, 0.00028772657969966531, 0.00020105933072045445, 0.00020088226301595569 ],
			"casterLF": 40,
			"casterRF": 40,
			"steerRatio": 1
		},
		"electronics":
		{
			"tC1": 6,
			"tC2": 0,
			"abs": 3,
			"eCUMap": 0,
			"fuelMix": 0,
			"telemetryLaps": 99
		},
		"strategy":
		{
			"fuel": 38,
			"nPitStops": 0,
			"tyreSet": 0,
			"frontBrakePadCompound": 1,
			"rearBrakePadCompound": 0,
			"pitStrategy": [
				{
					"fuelToAdd": 0,
					"tyres":
					{
						"tyreCompound": 0,
						"tyrePressure": [ 45, 54, 49, 52 ]
					},
					"tyreSet": 2,
					"frontBrakePadCompound": 1,
					"rearBrakePadCompound": 0
				}
			],
			"fuelPerLap": 2.6306674480438232
		}
	},
	"advancedSetup":
	{
		"mechanicalBalance":
		{
			"aRBFront": 9,
			"aRBRear": 2,
			"wheelRate": [ 2, 2, 0, 0 ],
			"bumpStopRateUp": [ 24, 24, 16, 16 ],
			"bumpStopRateDn": [ 0, 0, 10, 10 ],
			"bumpStopWindow": [ 32, 32, 15, 15 ],
			"brakeTorque": 20,
			"brakeBias": 0
		},
		"dampers":
		{
			"bumpSlow": [ 2, 2, 1, 1 ],
			"bumpFast": [ 8, 8, 8, 8 ],
			"reboundSlow": [ 4, 4, 4, 4 ],
			"reboundFast": [ 10, 10, 11, 11 ]
		},
		"aeroBalance":
		{
			"rideHeight": [ 0, 11, 30, 18 ],
			"rodLength": [ 27.784238815307617, 27.784238815307617, 5.9234895706176758, 5.9234895706176758 ],
			"splitter": 0,
			"rearWing": 8,
			"brakeDuct": [ 2, 2 ]
		},
		"drivetrain":
		{
			"preload": 0
		}
	},
	"trackBopType": 28
}