{
	"carName": "ford_mustang_gt3",
	"basicSetup":
	{
		"tyres":
		{
			"tyreCompound": 0,
			"tyrePressure": [ 45, 54, 49, 52 ]
		},
		"alignment":
		{
			"camber": [ 0, 0, 0, 0 ],
			"toe": [ 8, 8, 0, 0 ],
			"staticCamber": [ -4.2466025352478027, -4.2390880584716797, -2.7036230564117432, -2.7013580799102783 ],
			"toeOutLinear": [ 0.0002877872611861676, 0.00028778723208233714, -0.00018388318130746484, -0.00018405627633910626 ],
			"casterLF": 40,
			"casterRF": 40,
			"steerRatio": 1
		},
		"electronics":
		{
			"tC1": 5,
			"tC2": 0,
			"abs": 2,
			"eCUMap": 0,
			"fuelMix": 0,
			"telemetryLaps": 99
		},
		"strategy":
		{
			"fuel": 12,
			"nPitStops": 0,
			"tyreSet": 0,
			"frontBrakePadCompound": 1,
			"rearBrakePadCompound": 0,
			"pitStrategy": [
				{
					"fuelToAdd": 0,
					"tyres":
					{
						"tyreCompound": 0,
						"tyrePressure": [ 45, 54, 49, 52 ]
					},
					"tyreSet": 2,
					"frontBrakePadCompound": 1,
					"rearBrakePadCompound": 0
				}
			],
			"fuelPerLap": 2.6644458770751953
		}
	},
	"advancedSetup":
	{
		"mechanicalBalance":
		{
			"aRBFront": 9,
			"aRBRear": 2,
			"wheelRate": [ 2, 2, 0, 0 ],
			"bumpStopRateUp": [ 24, 24, 13, 13 ],
			"bumpStopRateDn": [ 0, 0, 10, 10 ],
			"bumpStopWindow": [ 32, 32, 14, 14 ],
			"brakeTorque": 20,
			"brakeBias": 0
		},
		"dampers":
		{
			"bumpSlow": [ 2, 2, 1, 1 ],
			"bumpFast": [ 8, 8, 8, 8 ],
			"reboundSlow": [ 4, 4, 4, 4 ],
			"reboundFast": [ 10, 10, 11, 11 ]
		},
		"aeroBalance":
		{
			"rideHeight": [ 0, 11, 30, 18 ],
			"rodLength": [ 27.582761764526367, 27.582761764526367, 5.2901935577392578, 5.2901935577392578 ],
			"splitter": 0,
			"rearWing": 8,
			"brakeDuct": [ 2, 2 ]
		},
		"drivetrain":
		{
			"preload": 0
		}
	},
	"trackBopType": 28
}